include,title,abstract,doi,literature_id
False,,,https://doi.org/10.1007/bf03012457,10051933
False,,,https://doi.org/10.1056/nejm199903043400903,10053177
False,,,https://doi.org/10.1037/0021-843x.108.1.90,10066996
False,,,https://doi.org/10.1097/00000539-199903000-00020,10072008
False,,,https://doi.org/10.1056/nejm199903113401003,10072410
False,,,https://doi.org/10.1001/archpsyc.56.3.241,10078501
False,,,https://doi.org/10.4088/jcp.v60n0207,10084637
False,,,https://doi.org/10.1016/s0893-133x(98)00093-1,10088136
False,,,https://doi.org/10.1001/archinte.159.6.551,10090111
False,,,https://doi.org/10.1002/1531-8257(199903)14:2<246::aid-mds1008>3.0.co;2-p,10091617
False,,,https://doi.org/10.1007/s001010050672,10093649
False,,,https://doi.org/10.1542/peds.103.4.730,10103294
False,,,https://doi.org/10.2165/00019053-199405060-00005,10150160
False,,,https://doi.org/10.1016/s0893-133x(98)00127-4,10192826
False,,,https://doi.org/10.1016/s0893-133x(98)00090-6,10192829
False,,,https://doi.org/10.1097/00000539-199904000-00023,10195528
True,,,https://doi.org/10.1001/archpsyc.56.4.330,10197827
False,,,https://doi.org/10.1901/jaba.1999.32-35,10201102
False,,,https://doi.org/10.1192/bjp.174.1.15,10211146
False,,,https://doi.org/10.1192/bjp.174.1.23,10211147
False,,,https://doi.org/10.3109/10826089909037245,10227114
False,,,https://doi.org/10.1111/j.1651-2227.1999.tb01100.x,10229041
False,,,https://doi.org/10.1097/00004583-199905000-00011,10230181
False,,,https://doi.org/10.1097/00004583-199905000-00015,10230185
False,,,https://doi.org/10.1097/00000542-199905000-00020,10319784
False,,,https://doi.org/10.1016/s0149-2918(00)88301-0,10321415
False,,,https://doi.org/10.1176/ajp.156.5.702,10327902
True,,,https://doi.org/10.1097/00004714-199906000-00009,10350032
False,,,https://doi.org/10.1097/00004714-199906000-00015,10350037
False,,,https://doi.org/10.1016/s0006-3223(98)00200-5,10356632
False,,,https://doi.org/10.1097/00000539-199906000-00024,10357339
False,,,https://doi.org/10.1016/s0149-2918(00)88317-4,10363731
False,,,https://doi.org/10.1080/105504999305929,10365192
False,,,https://doi.org/10.1016/s0161-6420(99)90260-9,10366082
False,,,https://doi.org/10.1016/s0006-3223(98)00238-8,10376125
False,,,https://doi.org/10.1016/s0006-3223(98)00250-9,10376129
False,,,https://doi.org/10.1177/088307389901400601,10385840
False,,,https://doi.org/10.4088/jcp.v60n0603,10401913
False,,,https://doi.org/10.1093/oxfordjournals.schbul.a033375,10416728
False,,,https://doi.org/10.1046/j.1365-2044.1999.00849.x,10417466
False,,,https://doi.org/10.1097/00045391-199701000-00003,10423584
False,,,https://doi.org/10.1016/s0893-133x(99)00023-8,10432470
False,,,https://doi.org/10.1111/1469-8986.3640419,10432791
False,,,https://doi.org/10.1177/00912709922008425,10434228
False,,,https://doi.org/10.1093/bja/82.3.391,10434822
False,,,https://doi.org/10.1007/s002130051003,10435394
False,,,https://doi.org/10.1097/00004850-199905002-00005,10435771
False,,,https://doi.org/10.1002/j.1550-8528.1999.tb00420.x,10440593
False,,,https://doi.org/10.4088/jcp.v60n0703,10453796
False,,,https://doi.org/10.1097/00004850-199907000-00002,10468313
False,,,,10472699
False,,,https://doi.org/10.1055/s-2007-994986,10478300
False,,,https://doi.org/10.1016/s0920-9964(99)00021-3,10480663
False,,,https://doi.org/10.1176/ajp.156.9.1374,10484947
False,,,https://doi.org/10.1097/00000542-199909000-00015,10485774
False,,,https://doi.org/10.1097/00004714-199910000-00005,10505583
False,,,https://doi.org/10.1097/00004714-199910000-00007,10505585
False,,,,10513460
False,,,,10513857
False,,,https://doi.org/10.1001/archpedi.153.10.1039,10520611
False,,,https://doi.org/10.1176/ajp.156.11.1686,10553730
False,,,https://doi.org/10.1213/00000539-199911000-00024,10553837
False,,,https://doi.org/10.1097/00004850-199911000-00003,10565800
False,,,,10587774
False,,,https://doi.org/10.1097/00000539-199912000-00032,10589634
False,,,https://doi.org/10.1001/archpsyc.56.12.1073,10591283
False,,,https://doi.org/10.1001/archpsyc.56.12.1088,10591284
False,,,https://doi.org/10.1001/archpsyc.56.12.1097,10591285
False,,,https://doi.org/10.1001/archpedi.153.12.1292,10591309
False,,,,10596559
False,,,https://doi.org/10.1023/a:1022309428886,10596735
False,,,https://doi.org/10.1080/105504999305749,10598217
False,,,https://doi.org/10.1016/s0304-3959(99)00181-5,10601673
False,,,https://doi.org/10.1046/j.1365-2125.2000.00140.x,10606837
False,,,https://doi.org/10.1046/j.1365-2125.2000.00111.x,10606838
False,,,https://doi.org/10.1348/000711299160211,10616134
False,,,https://doi.org/10.1203/00006450-200001000-00009,10625080
False,,,https://doi.org/10.1046/j.1460-9592.2000.00441.x,10632912
False,,,https://doi.org/10.1002/(sici)1099-1166(200001)15:1<14::aid-gps70>3.0.co;2-8,10637400
False,,,https://doi.org/10.1177/070674379904401003,10637676
False,,,https://doi.org/10.1177/070674379904401004,10637677
False,,,https://doi.org/10.1177/070674379904401005,10637678
False,,,https://doi.org/10.1177/070674379904401006,10637679
False,,,https://doi.org/10.1177/070674379904401011,10637684
False,,,https://doi.org/10.1016/s0924-977x(99)00054-1,10647097
False,,,https://doi.org/10.1097/00004714-200002000-00011,10653210
False,,,https://doi.org/10.1177/000992280003900102,10660814
False,,,https://doi.org/10.1007/s002130050022,10663415
False,,,https://doi.org/10.1046/j.1365-2044.2000.01215.x,10671847
False,,,https://doi.org/10.1046/j.1365-2125.2000.00121.x,10671903
False,,,https://doi.org/10.1016/s0925-4927(99)00032-3,10688158
False,,,https://doi.org/10.1097/00000542-200002000-00016,10691221
False,,,https://doi.org/10.1016/s0006-3223(99)00273-5,10704958
False,,,https://doi.org/10.1016/s0161-6420(99)00083-4,10711900
False,,,https://doi.org/10.1016/s0740-5472(99)00050-1,10716102
False,,,https://doi.org/10.1212/wnl.54.5.1166,10720292
False,,,https://doi.org/10.1017/s0033291799001476,10722180
False,,,https://doi.org/10.1016/s0893-133x(99)00116-5,10731625
False,,,https://doi.org/10.1016/s0893-133x(99)00148-7,10731626
False,,,https://doi.org/10.1097/00000539-200004000-00011,10735784
False,,,https://doi.org/10.1097/00000539-200004000-00033,10735806
False,,,https://doi.org/10.1038/74737,10742158
False,,,https://doi.org/10.1177/00912700022009080,10761165
False,,,https://doi.org/10.1097/00004714-200004000-00002,10770448
False,,,https://doi.org/10.1016/s0952-8180(99)00131-2,10773503
False,,,https://doi.org/10.2165/00003495-200059030-00013,10776835
False,,,https://doi.org/10.1097/00000539-200005000-00023,10781465
False,,,https://doi.org/10.4088/jcp.v61n0309,10817105
False,,,https://doi.org/10.7326/0003-4819-132-10-200005160-00004,10819701
False,,,https://doi.org/10.1097/00000539-200006000-00032,10825334
False,,,https://doi.org/10.1097/00004714-200006000-00002,10831015
False,,,https://doi.org/10.1097/00004714-200006000-00003,10831016
False,,,https://doi.org/10.1001/archpsyc.57.6.553,10839333
False,,,https://doi.org/10.4088/jcp.v61n0503,10847307
False,,,,10847315
False,,,https://doi.org/10.1034/j.1600-0447.2000.101006416.x,10868465
False,,,https://doi.org/10.1176/appi.ajp.157.7.1150,10873925
False,,,https://doi.org/10.1016/s0893-133x(00)00097-x,10882838
False,,,https://doi.org/10.1161/01.str.31.7.1785-d,10884491
False,,,https://doi.org/10.1093/oxfordjournals.schbul.a033463,10885641
False,,,https://doi.org/10.1023/a:1005192220001,10885682
False,,,https://doi.org/10.1016/s0091-3057(00)00218-5,10899363
False,,,https://doi.org/10.4088/jcp.v61n0604,10901338
False,,,https://doi.org/10.4088/jcp.v61n0609,10901343
False,,,https://doi.org/10.1097/00000539-200008000-00029,10910854
False,,,https://doi.org/10.1097/00004714-200008000-00013,10917410
False,,,https://doi.org/10.1001/archpsyc.57.8.794,10920469
False,,,https://doi.org/10.1007/s004150070173,10929273
False,,,https://doi.org/10.4088/jcp.v61n0702,10937603
False,,,https://doi.org/10.4088/jcp.v61n0707,10937608
False,,,https://doi.org/10.1055/s-2000-5946,10949680
False,,,https://doi.org/10.1177/140349480002800212,10954143
False,,,,10980811
False,,,https://doi.org/10.1007/s11906-999-0038-1,10981082
False,,,https://doi.org/10.1001/archpsyc.57.9.841,10986547
False,,,https://doi.org/10.1016/s0893-133x(00)00115-9,10989263
False,,,https://doi.org/10.1007/bf03019667,10989857
False,,,https://doi.org/10.1212/wnl.55.6.795,10993998
False,,,https://doi.org/10.1016/s0006-3223(00)00991-4,11018228
False,,,https://doi.org/10.1097/00000542-200010000-00013,11020745
False,,,https://doi.org/10.1016/s0952-8180(00)00167-7,11025232
False,,,https://doi.org/10.1016/s0952-8180(00)00171-9,11025234
False,,,https://doi.org/10.1177/009127000004001008,11028253
False,,,https://doi.org/10.1212/wnl.55.7.1069,11061283
False,,,https://doi.org/10.1177/112067210001000310,11071034
False,,,https://doi.org/10.1034/j.1600-0447.2000.102005390.x,11098812
False,,,https://doi.org/10.1038/eye.2000.198,11116699
False,,,https://doi.org/10.1016/s0920-9964(00)00009-8,11120421
False,,,https://doi.org/10.1037/e558732011-001,11126856
False,,,https://doi.org/10.1592/phco.20.19.1448.34866,11130217
False,,,https://doi.org/10.1097/00000539-200101000-00011,11133600
False,,,https://doi.org/10.1097/00000539-200101000-00038,11133627
False,,,https://doi.org/10.1097/00000539-200101000-00051,11133640
False,,,https://doi.org/10.1176/appi.ajp.158.1.131,11136647
False,,,,11140235
False,,,https://doi.org/10.1177/070674370004500907,11143833
False,,,https://doi.org/10.1055/s-2000-8359,11147929
True,,,https://doi.org/10.1176/appi.ajp.158.2.282,11156812
False,,,https://doi.org/10.1016/s0006-3223(00)01026-x,11163780
False,,,https://doi.org/10.1126/science.290.5495.1280,11185396
False,,,https://doi.org/10.1177/026988110001400411,11198061
False,,,https://doi.org/10.1097/00004714-200102000-00007,11199944
False,,,https://doi.org/10.1097/00004714-200102000-00016,11199955
False,,,https://doi.org/10.1097/00004714-200102000-00017,11199956
False,,,https://doi.org/10.1097/00004714-200102000-00018,11199957
False,,,https://doi.org/10.4088/jcp.v61n1208,11206599
False,,,https://doi.org/10.1901/jaba.2000.33-573,11214032
False,,,https://doi.org/10.1901/jaba.2000.33-593,11214033
False,,,https://doi.org/10.1002/1531-8257(200101)16:1<135::aid-mds1006>3.0.co;2-q,11215574
False,,,https://doi.org/10.2165/00003495-200161010-00011,11217867
False,,,,11247108
True,,,https://doi.org/10.1097/00004714-200104000-00015,11270920
False,,,https://doi.org/10.1176/appi.ajp.158.4.518,11282684
False,,,https://doi.org/10.1176/appi.ajp.158.4.625,11282699
False,,,https://doi.org/10.4088/jcp.v62n0308,11305704
False,,,https://doi.org/10.4088/jcp.v62n0310,11305706
False,,,https://doi.org/10.1016/s0924-977x(01)00072-4,11313165
False,,,https://doi.org/10.1097/00008480-200104000-00019,11317065
False,,,https://doi.org/10.1093/neucas/7.2.105,11320158
False,,,https://doi.org/10.1055/s-2001-13079,11322056
False,,,https://doi.org/10.1176/appi.ajp.158.5.765,11329400
False,,,https://doi.org/10.1176/appi.ajp.158.5.805,11329407
False,,,https://doi.org/10.1016/s0750-7658(01)00357-4,11332061
False,,,,11333516
False,,,https://doi.org/10.1517/14656566.2.2.337,11336590
False,,,https://doi.org/10.1046/j.1532-5415.2001.49092.x,11347795
False,,,https://doi.org/10.1093/oxfordjournals.schbul.a006869,11354590
False,,,https://doi.org/10.1016/s0920-9964(00)00080-3,11356587
False,,,https://doi.org/10.1016/s0893-133x(00)00249-9,11377926
False,,,https://doi.org/10.4088/jcp.v62n0405,11379837
False,,,https://doi.org/10.4088/jcp.v62n0410,11379842
False,,,https://doi.org/10.1016/s0149-2918(01)80023-0,11394732
False,,,https://doi.org/10.1007/s002130000658,11401000
False,,,https://doi.org/10.1007/s002130000657,11401006
False,,,https://doi.org/10.1016/s0306-4530(01)00016-6,11403983
False,,,https://doi.org/10.1046/j.0265-0215.2000.00826.x,11412287
False,,,https://doi.org/10.1093/jnci/93.12.892,11416103
False,,,https://doi.org/10.1097/00000539-200107000-00016,11429342
True,,,https://doi.org/10.1176/appi.ajp.158.7.1067,11431228
False,,,https://doi.org/10.1007/s002130100711,11432684
False,,,https://doi.org/10.1055/s-2001-14282,11434401
False,,,https://doi.org/10.1192/bjp.179.1.59,11435270
False,,,https://doi.org/10.1016/s0149-2918(01)80082-5,11440294
False,,,https://doi.org/10.1177/026988110101500212,11448085
False,,,https://doi.org/10.1352/0047-6765(2001)039<0259:dbpcto>2.0.co;2,11448249
False,,,https://doi.org/10.1097/00004850-200107000-00003,11459333
True,,,https://doi.org/10.1111/j.1749-6632.2001.tb05785.x,11462747
False,,,https://doi.org/10.1213/00000539-200108000-00019,11473855
False,,,https://doi.org/10.1093/humrep/16.8.1719,11473971
False,,,https://doi.org/10.1097/00004714-200108000-00002,11476119
False,,,https://doi.org/10.1097/00004714-200108000-00006,11476123
False,,,https://doi.org/10.1097/00004714-200108000-00008,11476125
False,,,https://doi.org/10.1176/appi.ajp.158.8.1305,11481167
True,,,https://doi.org/10.1001/archpsyc.58.8.775,11483144
False,,,https://doi.org/10.1001/archpsyc.58.8.784,11483145
False,,,https://doi.org/10.1067/mpd.2001.116050,11487742
False,,,https://doi.org/10.1177/00912700122010690,11504278
False,,,,11512420
False,,,https://doi.org/10.1016/s0149-2918(01)80090-4,11519769
False,,,https://doi.org/10.2165/00023210-200115060-00006,11524026
False,,,https://doi.org/10.1016/0094-5765(82)90065-0,11541691
False,,,https://doi.org/10.1007/bf03016688,11546713
False,,,https://doi.org/10.1007/s002280100302,11549212
False,,,https://doi.org/10.1097/00004850-200109000-00003,11552769
False,,,https://doi.org/10.1038/oby.2001.71,11557835
False,,,https://doi.org/10.7326/0003-4819-135-6-200109180-00011,11560455
False,,,https://doi.org/10.1016/s0140-6736(01)05966-9,11564483
False,,,https://doi.org/10.1002/gps.424,11571765
False,,,https://doi.org/10.1001/archpsyc.58.10.965,11576036
False,,,https://doi.org/10.1176/appi.ajp.158.10.1719,11579009
False,,,https://doi.org/10.1542/peds.108.4.883,11581440
False,,,https://doi.org/10.1016/s0272-7358(00)00085-4,11584516
False,,,https://doi.org/10.1016/s0140-6736(01)06128-1,11586978
False,,,,11590972
False,,,https://doi.org/10.1518/001872001775900878,11592671
False,,,https://doi.org/10.1017/s146114570100253x,11669086
False,,,https://doi.org/10.1097/00000539-200111000-00016,11682384
False,,,https://doi.org/10.1046/j.1460-9592.2001.00742.x,11696143
False,,,https://doi.org/10.1046/j.1460-9592.2001.00748.x,11696146
False,,,https://doi.org/10.2165/00023210-200115110-00005,11700151
False,,,https://doi.org/10.1212/wnl.57.9.1583,11706096
False,,,https://doi.org/10.1352/0895-8017(2001)106<0525:eoroab>2.0.co;2,11708938
False,,,https://doi.org/10.1097/00004850-200111000-00002,11712620
False,,,https://doi.org/10.1523/jneurosci.21-23-09414.2001,11717374
False,,,https://doi.org/10.1345/aph.10424,11724088
False,,,https://doi.org/10.1097/00000539-200112000-00048,11726444
False,,,https://doi.org/10.1097/00000539-200112000-00056,11726451
False,,,https://doi.org/10.1007/s004640090126,11727145
False,,,https://doi.org/10.2165/00003495-200161140-00014,11735643
False,,,https://doi.org/10.1001/archpsyc.58.12.1161,11735845
False,,,https://doi.org/10.1001/archpsyc.58.12.1172,11735847
False,,,https://doi.org/10.1002/gps.504,11748775
False,,,https://doi.org/10.1016/s0022-3956(01)00048-6,11755456
False,,,https://doi.org/10.1097/00004714-200112000-00012,11763010
False,,,https://doi.org/10.1016/s0149-2918(00)89080-3,11768836
False,,,https://doi.org/10.1016/s0149-2918(00)89086-4,11768842
False,,,https://doi.org/10.1177/026988110101500405,11769820
False,,,https://doi.org/10.1176/appi.ajp.159.1.155,11772722
False,,,https://doi.org/10.1097/00000539-200201000-00020,11772810
False,,,https://doi.org/10.1097/00008506-200201000-00001,11773815
False,,,https://doi.org/10.1056/nejmoa002028,11777998
False,,,https://doi.org/10.1001/archpsyc.59.1.62,11779284
False,,,https://doi.org/10.4088/jcp.v62n1214c,11780884
False,,,https://doi.org/10.1007/bf03020416,11782326
True,,,https://doi.org/10.1023/a:1012239823148,11791949
False,,,https://doi.org/10.1345/aph.1a068,11793611
False,,,https://doi.org/10.1345/aph.1a099,11793630
False,,,https://doi.org/10.1097/00004714-200202000-00006,11799340
False,,,https://doi.org/10.1177/147323000102900601,11803729
False,,,https://doi.org/10.1017/s1461145701002590,11806864
False,,,https://doi.org/10.1097/00000539-200202000-00043,11812718
False,,,https://doi.org/10.4088/jcp.v62n1003,11816864
False,,,https://doi.org/10.4088/jcp.v62n1005,11816866
False,,,https://doi.org/10.1016/s0278-5846(01)00246-9,11817518
False,,,https://doi.org/10.1097/00000542-200202000-00016,11818763
False,,,https://doi.org/10.1176/appi.ajp.159.2.180,11823257
False,,,https://doi.org/10.1176/appi.ajp.159.2.255,11823268
False,,,https://doi.org/10.1300/j069v21n01_05,11831499
False,,,https://doi.org/10.1177/00912700222011120,11831544
False,,,,11834192
False,,,https://doi.org/10.1093/ajhp/59.3.230,11862632
True,,,https://doi.org/10.1212/wnl.58.4.527,11865128
False,,,https://doi.org/10.4088/jcp.v63n0203,11874209
False,,,https://doi.org/10.1001/archpsyc.59.3.291,11879174
False,,,https://doi.org/10.1097/00004583-200203000-00004,11886019
False,,,https://doi.org/10.1016/s0022-3956(01)00060-7,11886692
False,,,https://doi.org/10.1097/00004850-200203000-00004,11890188
False,,,https://doi.org/10.1046/j.1360-0443.2002.00037.x,11895270
False,,,https://doi.org/10.1159/000048296,11901288
False,,,https://doi.org/10.1016/s0006-3223(01)01342-7,11904128
False,,,https://doi.org/10.1097/00004714-200204000-00004,11910256
False,,,https://doi.org/10.1097/00004714-200204000-00011,11910263
False,,,https://doi.org/10.1097/00004714-200204000-00016,11910268
False,,,https://doi.org/10.1034/j.1399-5618.2001.30501.x,11912568
False,,,https://doi.org/10.1002/gps.551,11921147
False,,,https://doi.org/10.1016/s0893-133x(01)00365-7,11927174
False,,,https://doi.org/10.1177/00912700222011382,11936571
False,,,https://doi.org/10.1016/s0952-8180(01)00371-3,11943529
False,,,https://doi.org/10.1055/s-2002-24644,11948436
False,,,https://doi.org/10.1177/026988110201600113,11949778
False,,,https://doi.org/10.1023/a:1014674018039,11958362
False,,,https://doi.org/10.1177/108705470100500401,11967475
False,,,https://doi.org/10.1345/aph.1a053,11978164
False,,,https://doi.org/10.1001/archpsyc.59.5.441,11982448
False,,,https://doi.org/10.1016/s0006-3223(01)01317-8,11983189
False,,,https://doi.org/10.1002/gps.599,11994888
False,,,https://doi.org/10.4088/jcp.v63n0412,12000209
False,,,https://doi.org/10.1017/s0012162201001876,12005317
False,,,https://doi.org/10.1097/00004714-200206000-00003,12006893
False,,,https://doi.org/10.1097/00004714-200206000-00007,12006897
False,,,https://doi.org/10.1016/s0165-1781(02)00028-8,12007591
False,,,https://doi.org/10.1016/s0149-2918(02)85141-4,12017410
False,,,https://doi.org/10.4088/jcp.v63n0506,12019665
False,,,https://doi.org/10.4088/jcp.v63n0508,12019667
False,,,https://doi.org/10.4088/jcp.v63n0509,12019668
False,,,,12020058
False,,,,12026370
False,,,https://doi.org/10.1097/00000539-200206000-00019,12032011
False,,,https://doi.org/10.2165/00128072-200204060-00006,12038875
False,,,https://doi.org/10.1176/appi.ajp.159.6.1029,12042193
False,,,https://doi.org/10.1176/appi.ajp.159.6.1058,12042201
False,,,https://doi.org/10.1176/appi.ps.53.6.755,12045315
False,,,https://doi.org/10.1177/108705470200600103,12045757
False,,,https://doi.org/10.1023/a:1015276028425,12046640
False,,,https://doi.org/10.1023/a:1015228112495,12046641
False,,,https://doi.org/10.1093/oxfordjournals.schbul.a006925,12047021
False,,,https://doi.org/10.1016/s0006-3223(02)01339-2,12079730
False,,,https://doi.org/10.1016/s0920-9964(01)00212-2,12084413
False,,,https://doi.org/10.4088/jcp.v63n0609,12088164
False,,,https://doi.org/10.1017/s0012162201002250,12088306
False,,,,12090443
False,,,https://doi.org/10.1176/appi.ajp.159.7.1146,12091192
False,,,https://doi.org/10.1111/j.1749-6632.2002.tb04183.x,12105117
True,,,https://doi.org/10.1017/s1461145702002845,12135536
False,,,https://doi.org/10.1034/j.1399-6576.2002.460709.x,12139535
True,,,https://doi.org/10.1177/108705470200600201,12142861
False,,,https://doi.org/10.1177/108705470200600203,12142863
False,,,https://doi.org/10.4088/jcp.v63n0706,12143912
False,,,https://doi.org/10.1056/nejmoa013171,12151468
False,,,https://doi.org/10.2165/00023210-200216090-00005,12153335
False,,,https://doi.org/10.1176/appi.ajp.159.8.1322,12153824
False,,,https://doi.org/10.1176/appi.ajp.159.8.1337,12153826
False,,,https://doi.org/10.1136/bmj.325.7358.243,12153919
False,,,https://doi.org/10.1542/peds.110.2.258,12165576
False,,,https://doi.org/10.1046/j.1526-4610.2002.02122.x,12167135
False,,,https://doi.org/10.1093/bja/88.6.790,12173195
False,,,https://doi.org/10.1034/j.1399-5618.2002.01189.x,12180276
False,,,https://doi.org/10.1016/s0306-4603(01)00188-5,12188588
False,,,https://doi.org/10.1097/00000539-200209000-00039,12198064
False,,,,12199263
False,,,https://doi.org/10.1017/s0265021502000959,12200949
False,,,https://doi.org/10.1080/10673220216279,12202454
False,,,https://doi.org/10.1016/s0278-6915(02)00097-2,12204387
False,,,https://doi.org/10.5993/ajhb.26.5.7,12206448
False,,,https://doi.org/10.1016/s0924-977x(02)00042-1,12208553
False,,,https://doi.org/10.2165/00003495-200262130-00009,12215063
False,,,https://doi.org/10.1097/00004583-200209000-00014,12218435
False,,,https://doi.org/10.1016/s1056-4993(02)00010-x,12222083
False,,,https://doi.org/10.1016/s0920-9964(01)00309-7,12223251
False,,,https://doi.org/10.1016/s0920-9964(01)00314-0,12223254
False,,,,12230649
False,,,,12230716
False,,,,12230782
False,,,https://doi.org/10.2165/00019053-200220120-00003,12236804
False,,,https://doi.org/10.1016/s0006-3223(02)01392-6,12242060
False,,,https://doi.org/10.1097/00004714-200210000-00005,12352269
False,,,https://doi.org/10.1177/070674370204700710,12355680
False,,,https://doi.org/10.1176/appi.ajp.159.10.1777,12359687
False,,,https://doi.org/10.1002/mds.10217,12360554
False,,,,12362827
False,,,https://doi.org/10.4088/jcp.v63n0903,12363115
False,,,,12378746
False,,,https://doi.org/10.2165/00003495-200262150-00012,12381228
False,,,https://doi.org/10.2165/00023210-200216110-00008,12383035
False,,,https://doi.org/10.1093/bja/aef222,12393356
False,,,https://doi.org/10.1007/s100720200032,12398067
False,,,https://doi.org/10.1023/a:1019864813776,12403150
False,,,https://doi.org/10.1002/gps.722,12404659
False,,,https://doi.org/10.1097/00002826-200209000-00007,12410058
True,,,https://doi.org/10.1176/appi.ajp.159.11.1896,12411225
False,,,https://doi.org/10.1016/s0920-9964(02)00158-5,12413642
False,,,https://doi.org/10.4088/jcp.v63n1006,12416598
False,,,https://doi.org/10.1007/s00213-002-1235-7,12417963
False,,,https://doi.org/10.1007/s00213-002-1250-8,12417966
False,,,https://doi.org/10.1001/archpsyc.59.11.1021,12418935
False,,,https://doi.org/10.1136/bmj.325.7372.1070,12424166
False,,,https://doi.org/10.1007/s00213-002-1205-0,12424551
False,,,https://doi.org/10.1016/s0738-081x(02)00267-5,12435529
False,,,https://doi.org/10.4088/jcp.v63n1115,12444819
False,,,https://doi.org/10.1016/s0278-5846(01)00322-0,12452546
False,,,https://doi.org/10.1097/00004714-200212000-00016,12454566
False,,,https://doi.org/10.1016/s0149-2918(02)80069-8,12462294
False,,,https://doi.org/10.1177/0091270002042012005,12463729
False,,,https://doi.org/10.1016/s0893-133x(02)00375-5,12464464
False,,,https://doi.org/10.1016/s0750-7658(02)00704-9,12471781
False,,,https://doi.org/10.1053/jcan.2002.128415,12486650
False,,,https://doi.org/10.1093/sleep/25.8.62,12489899
False,,,https://doi.org/10.1097/00004850-200301000-00007,12490774
False,,,,12496955
False,,,https://doi.org/10.1212/01.wnl.0000037481.08283.51,12499477
False,,,https://doi.org/10.1177/026988110201600410,12503835
False,,,https://doi.org/10.1177/026988110201600412,12503837
False,,,https://doi.org/10.1016/s0306-4530(02)00110-5,12504069
False,,,https://doi.org/10.1016/s0188-4409(02)00403-4,12505103
False,,,https://doi.org/10.1097/00000539-200301000-00052,12505963
False,,,https://doi.org/10.1016/s0165-0327(02)00335-x,12507747
False,,,https://doi.org/10.1542/peds.111.1.97,12509561
False,,,https://doi.org/10.1542/peds.111.1.179,12509574
False,,,https://doi.org/10.2165/00023210-200317020-00001,12521356
False,,,https://doi.org/10.4088/jcp.v63n1208,12523873
True,,,https://doi.org/10.4088/jcp.v63n1209,12523874
False,,,https://doi.org/10.4088/jcp.v63n1210,12523875
False,,,https://doi.org/10.4088/jcp.v63n1211,12523876
False,,,https://doi.org/10.4088/jcp.v63n1212,12523877
False,,,,12532717
False,,,https://doi.org/10.1097/00004714-200302000-00003,12544370
True,,,https://doi.org/10.1016/s0006-3223(02)01671-2,12547466
False,,,https://doi.org/10.1016/s0006-3223(02)01790-0,12559661
False,,,https://doi.org/10.1007/bf03017847,12560305
False,,,https://doi.org/10.1176/appi.ajp.160.2.290,12562575
False,,,https://doi.org/10.1176/appi.ajp.160.2.297,12562576
False,,,https://doi.org/10.1192/bjp.182.2.141,12562742
False,,,https://doi.org/10.1542/pir.24-2-39,12563038
True,,,https://doi.org/10.1542/peds.111.2.262,12563049
False,,,https://doi.org/10.1161/01.str.0000050161.38263.ae,12574563
False,,,https://doi.org/10.1001/archpsyc.60.2.204,12578439
False,,,https://doi.org/10.1002/jclp.10132,12579548
False,,,https://doi.org/10.4088/jcp.v64n0117a,12590630
False,,,https://doi.org/10.1177/08830738020170121401,12593456
False,,,https://doi.org/10.1023/a:1021729501230,12597703
False,,,https://doi.org/10.1213/01.ane.0000049682.48703.44,12598277
False,,,https://doi.org/10.2165/00003495-200363050-00004,12600227
False,,,https://doi.org/10.1007/s00213-002-1344-3,12610718
False,,,https://doi.org/10.1176/appi.ajp.160.3.590-a,12611852
False,,,https://doi.org/10.1177/0091270002239827,12616671
False,,,https://doi.org/10.1097/01.crd.0000053453.89776.2d,12620132
False,,,https://doi.org/10.1002/mds.10390,12621632
False,,,https://doi.org/10.1038/sj.npp.1300089,12629532
False,,,https://doi.org/10.4088/jcp.v64n0205,12633121
False,,,https://doi.org/10.1097/00004714-200304000-00012,12640221
False,,,https://doi.org/10.1097/00004714-200304000-00017,12640225
False,,,,12645162
False,,,https://doi.org/10.1016/s0306-4530(02)00130-0,12650685
False,,,https://doi.org/10.1016/s0924-977x(02)00127-x,12650950
False,,,https://doi.org/10.1213/01.ane.0000055651.24073.59,12651665
False,,,https://doi.org/10.1037/0021-843x.112.1.14,12653410
False,,,https://doi.org/10.1046/j.1360-0443.2003.00372.x,12653813
False,,,https://doi.org/10.1076/ceyr.25.4.237.13484,12658557
False,,,https://doi.org/10.1007/bf03040274,12658913
False,,,https://doi.org/10.1345/aph.1c291,12659615
False,,,,12661098
False,,,https://doi.org/10.1007/s00101-003-0459-1,12666001
False,,,https://doi.org/10.1517/14656566.4.4.533,12667116
False,,,https://doi.org/10.1176/appi.ajp.160.4.741,12668364
False,,,https://doi.org/10.1007/s00213-003-1399-9,12669177
False,,,https://doi.org/10.1177/0269881103017001714,12680748
False,,,https://doi.org/10.1212/01.wnl.0000055434.39968.67,12682319
False,,,https://doi.org/10.1046/j.1472-8206.2002.00110.x,12685512
False,,,https://doi.org/10.1352/0895-8017(2003)108<0212:rrtzea>2.0.co;2,12691600
False,,,https://doi.org/10.1358/dot.2003.39.2.799421,12698209
False,,,https://doi.org/10.1038/sj.npp.1300157,12700715
False,,,https://doi.org/10.1007/s00213-002-1343-4,12709775
False,,,https://doi.org/10.1016/s0195-668x(03)00003-4,12714026
False,,,https://doi.org/10.1016/s0920-9964(03)00050-1,12729864
False,,,https://doi.org/10.1016/s0920-9964(02)00322-5,12729866
False,,,https://doi.org/10.1016/s0920-9964(02)00226-8,12729882
False,,,https://doi.org/10.1007/s00213-003-1457-3,12734634
False,,,https://doi.org/10.1055/s-2003-39049,12734766
False,,,https://doi.org/10.1016/s0140-6736(03)13306-5,12747876
False,,,https://doi.org/10.1046/j.1460-9592.2003.01010.x,12753444
False,,,https://doi.org/10.1207/s15327752jpa8003_04,12763699
False,,,https://doi.org/10.2165/00128072-200305060-00005,12765489
False,,,https://doi.org/10.1002/gps.862,12766921
False,,,https://doi.org/10.1023/a:1023233630774,12774863
False,,,https://doi.org/10.1023/a:1023285614844,12774864
False,,,https://doi.org/10.1176/appi.ajp.160.6.1125,12777271
False,,,https://doi.org/10.1176/appi.ajp.160.6.1189,12777289
False,,,https://doi.org/10.1016/s0960-8966(03)00030-0,12798791
False,,,https://doi.org/10.1016/s0735-6757(02)42249-8,12811711
False,,,https://doi.org/10.1097/00000542-200307000-00025,12826855
False,,,https://doi.org/10.1097/01.jcp.0000084026.22282.5f,12826983
False,,,https://doi.org/10.2165/00023210-200317090-00006,12828502
False,,,https://doi.org/10.1517/14656566.4.7.1165,12831341
False,,,https://doi.org/10.1176/appi.ajp.160.7.1263,12832240
False,,,https://doi.org/10.1023/a:1023228626309,12839431
False,,,https://doi.org/10.1080/0269905031000107179,12850953
False,,,https://doi.org/10.1046/j.1365-2796.2003.01185.x,12859700
False,,,https://doi.org/10.1001/archpsyc.60.7.681,12860772
True,,,https://doi.org/10.2165/00002018-200326100-00006,12862507
False,,,https://doi.org/10.1016/s0149-2918(03)80129-7,12867218
False,,,https://doi.org/10.1097/01.wco.0000084232.82329.47,12869813
False,,,https://doi.org/10.1046/j.1360-0443.2003.00447.x,12873248
False,,,https://doi.org/10.4067/s0034-98872003000500008,12879814
False,,,https://doi.org/10.1080/1028415031000120543,12887139
False,,,https://doi.org/10.1080/1028415031000120552,12887140
False,,,https://doi.org/10.1038/sj.npp.1300264,12888781
True,,,https://doi.org/10.2165/00148581-200305080-00005,12895137
False,,,https://doi.org/10.1176/appi.ajp.160.8.1396,12900300
False,,,https://doi.org/10.4065/78.8.1020,12911050
False,,,https://doi.org/10.1016/s0006-3223(03)00321-4,12915290
False,,,https://doi.org/10.1097/01.jcp.0000085405.08426.73,12920408
False,,,https://doi.org/10.1097/01.jcp.0000085406.08426.a8,12920409
False,,,,12921224
False,,,https://doi.org/10.1345/aph.1d050,12921516
False,,,https://doi.org/10.1016/s0278-5846(03)00117-9,12921918
False,,,https://doi.org/10.4088/jcp.v64n0807,12927004
False,,,https://doi.org/10.1213/01.ane.0000074795.68061.16,12933373
False,,,https://doi.org/10.4088/jcp.v64n0717,12934987
False,,,https://doi.org/10.1176/appi.ajp.160.9.1651,12944341
False,,,https://doi.org/10.1016/s0166-4328(03)00097-4,14529800
False,,,https://doi.org/10.1111/j.1547-5069.2003.00237.x,14562491
False,,,,14567163
False,,,https://doi.org/10.1001/archinte.163.19.2337,14581254
False,,,https://doi.org/10.1016/s1389-9457(03)00108-4,14592280
False,,,https://doi.org/10.1001/jama.290.20.2693,14645311
False,,,https://doi.org/10.1016/0304-3959(94)00209-w,7478682
False,,,https://doi.org/10.1097/00000539-199512000-00007,7486097
False,,,,7491385
False,,,,7491391
False,,,https://doi.org/10.1016/0278-5846(94)90029-9,7509495
False,,,https://doi.org/10.1176/ajp.151.6.825,7514366
False,,,https://doi.org/10.1111/j.1469-8749.1994.tb11811.x,7525394
False,,,,7525541
False,,,https://doi.org/10.2165/00003495-199448020-00009,7527327
False,,,https://doi.org/10.1016/0165-1781(94)90076-0,7527565
False,,,https://doi.org/10.3109/10401239409148993,7528602
False,,,https://doi.org/10.1016/0278-5846(94)90116-3,7531355
False,,,https://doi.org/10.1111/j.1600-0447.1995.tb09781.x,7542829
False,,,https://doi.org/10.1192/bjp.166.6.712,7545060
False,,,https://doi.org/10.1016/s0010-440x(95)90071-3,7554870
False,,,https://doi.org/10.1016/s0002-9394(14)72655-8,7573299
False,,,https://doi.org/10.1001/archpsyc.1995.03950220087016,7575109
False,,,https://doi.org/10.1016/0952-8180(95)00072-p,7576677
False,,,https://doi.org/10.1016/0149-2918(95)80102-2,7585841
False,,,https://doi.org/10.1016/0149-2918(95)80105-7,7585844
False,,,https://doi.org/10.2190/1dhu-y7l7-9gkg-v7wv,7591493
False,,,https://doi.org/10.1097/00004714-199508000-00006,7593710
False,,,,7605757
False,,,https://doi.org/10.1016/0006-3223(94)00365-a,7619979
False,,,https://doi.org/10.1542/peds.96.2.320,7630692
False,,,https://doi.org/10.1213/00000539-199408000-00014,7639365
False,,,https://doi.org/10.1007/bf01447091,7642836
False,,,https://doi.org/10.2190/16fh-9ect-y280-vv45,7649718
False,,,https://doi.org/10.1016/0952-8180(95)00005-3,7669311
False,,,https://doi.org/10.1093/schbul/20.4.697,7701277
False,,,https://doi.org/10.1016/0006-3223(94)00229-v,7718678
False,,,https://doi.org/10.1177/01454455950192004,7726818
False,,,,7727330
False,,,https://doi.org/10.1212/wnl.45.5.865,7746398
False,,,https://doi.org/10.1016/0740-5472(94)00077-8,7752296
False,,,https://doi.org/10.1007/bf03349701,7759787
False,,,https://doi.org/10.1207/s15327752jpa6403_5,7760256
False,,,https://doi.org/10.1016/0165-1781(94)90007-8,7761553
False,,,https://doi.org/10.1542/peds.95.1.74,7770313
True,,,https://doi.org/10.1001/archpsyc.1995.03950180020004,7771913
False,,,https://doi.org/10.1001/archpsyc.1995.03950180030005,7771914
False,,,https://doi.org/10.1016/s0886-3350(13)80509-3,7791061
False,,,https://doi.org/10.1097/00000539-199501000-00015,7802307
False,,,https://doi.org/10.3109/10401239409148989,7804386
False,,,https://doi.org/10.1007/bf02168938,7822629
False,,,https://doi.org/10.1007/bf02168939,7822630
False,,,,7831459
False,,,https://doi.org/10.1007/bf01826184,7849498
False,,,https://doi.org/10.1016/0740-5472(94)90100-7,7869468
False,,,,7875111
False,,,https://doi.org/10.1001/archopht.1995.01100030041019,7887841
False,,,https://doi.org/10.1136/bjo.78.1.30,7906539
False,,,https://doi.org/10.1176/ajp.151.5.633,7909410
False,,,,7929019
False,,,https://doi.org/10.1007/978-3-7091-9324-2_49,7931253
False,,,,7946257
False,,,https://doi.org/10.1016/0006-3223(94)91225-4,7948457
False,,,,7949510
False,,,,7961550
False,,,,7961579
False,,,https://doi.org/10.1213/00000539-199412000-00016,7978435
False,,,https://doi.org/10.1097/00132586-199506000-00032,7978436
False,,,https://doi.org/10.1213/00000539-199412000-00018,7978437
False,,,https://doi.org/10.1213/00000539-199412000-00019,7978438
False,,,,7979074
False,,,https://doi.org/10.1177/01454455940184005,7980374
False,,,https://doi.org/10.1016/0920-9964(94)90094-9,7986770
False,,,https://doi.org/10.1097/00000542-199412000-00007,7992901
False,,,https://doi.org/10.1192/bjp.165.3.370,7994508
False,,,https://doi.org/10.1176/ajp.151.7.1069,8010365
False,,,https://doi.org/10.1002/j.1552-4604.1994.tb03996.x,8021335
False,,,https://doi.org/10.1159/000119074,8022532
False,,,https://doi.org/10.1097/00004714-199406000-00004,8027413
False,,,https://doi.org/10.1177/070674379403900321,8033025
False,,,https://doi.org/10.1037//0021-843x.103.2.206,8040490
False,,,https://doi.org/10.1097/00002030-199402000-00010,8043227
False,,,https://doi.org/10.1016/0920-9964(94)90068-x,8043521
False,,,https://doi.org/10.1001/archpedi.1994.02170080089017,8044265
False,,,,8071267
False,,,,8079014
False,,,https://doi.org/10.1097/00000542-199409000-00011,8092504
False,,,https://doi.org/10.1007/bf00916447,8126317
False,,,https://doi.org/10.1093/bja/72.3.258,8130041
False,,,https://doi.org/10.1176/appi.ps.51.10.1249,8132186
False,,,https://doi.org/10.1093/jpepsy/18.6.717,8138866
False,,,https://doi.org/10.1212/wnl.44.4.657,8164820
False,,,https://doi.org/10.1901/jaba.1994.27-101,8188554
False,,,https://doi.org/10.1177/106002809402800311,8193426
False,,,,8205301
False,,,https://doi.org/10.1001/archpedi.1993.02160360055018,8249952
False,,,https://doi.org/10.1093/bja/71.5.661,8251275
False,,,https://doi.org/10.1093/bja/71.5.665,8251276
False,,,https://doi.org/10.1177/106002809302701016,8251696
False,,,https://doi.org/10.1016/0920-9964(93)90061-m,8260445
False,,,https://doi.org/10.1016/0301-0511(93)90015-z,8260563
False,,,https://doi.org/10.1097/00000542-199312000-00001,8267190
False,,,https://doi.org/10.1200/jco.1994.12.1.155,8270972
False,,,https://doi.org/10.1212/wnl.44.1.34,8290087
False,,,https://doi.org/10.1212/wnl.44.1.70,8290095
False,,,https://doi.org/10.1016/0740-5472(93)90056-8,8308937
False,,,https://doi.org/10.1016/s0022-5347(17)35034-6,8308973
False,,,https://doi.org/10.1111/j.1469-8986.1995.tb01231.x,8524989
False,,,,8529164
False,,,,8560050
False,,,https://doi.org/10.1097/00000539-199602000-00008,8561324
False,,,,8565000
False,,,https://doi.org/10.1176/ajp.153.3.417,8610833
False,,,https://doi.org/10.1001/archpsyc.1996.01830050073012,8624187
False,,,https://doi.org/10.1097/00003246-199603000-00009,8625628
False,,,https://doi.org/10.1176/ajp.153.6.817,8633697
False,,,https://doi.org/10.1093/bja/75.6.734,8672322
False,,,https://doi.org/10.1007/s001010050245,8678284
False,,,https://doi.org/10.1093/bja/76.6.872,8679366
False,,,https://doi.org/10.1093/schbul/22.1.15,8685657
False,,,https://doi.org/10.1002/ana.410400116,8687199
False,,,https://doi.org/10.1097/00004714-199604000-00008,8690831
False,,,https://doi.org/10.1001/archopht.1996.01100140146006,8694728
False,,,https://doi.org/10.1016/0952-8180(96)00033-5,8695127
False,,,https://doi.org/10.1097/00000542-199608000-00013,8712447
False,,,https://doi.org/10.1097/00004583-199603000-00017,8714324
False,,,,8719690
False,,,https://doi.org/10.1177/030006059602400309,8725991
False,,,https://doi.org/10.1046/j.1365-2125.1996.03202.x,8730971
False,,,https://doi.org/10.1016/0304-3959(95)00119-0,8740612
False,,,https://doi.org/10.1007/bf01441483,8743243
False,,,https://doi.org/10.1093/schbul/21.4.593,8749887
False,,,,8768938
False,,,https://doi.org/10.1016/0893-133x(95)00069-p,8822534
False,,,https://doi.org/10.1016/0893-133x(95)00077-q,8822535
False,,,https://doi.org/10.1111/j.1365-3016.1996.tb00050.x,8822770
False,,,https://doi.org/10.1097/00004714-199510000-00009,8830068
False,,,https://doi.org/10.1097/00000539-199610000-00018,8831317
False,,,https://doi.org/10.1097/00004714-199602000-00007,8834417
False,,,https://doi.org/10.1111/j.1399-6576.1996.tb04522.x,8836273
False,,,https://doi.org/10.1007/bf02246413,8853219
False,,,https://doi.org/10.1046/j.1365-2125.1996.39817.x,8864326
False,,,https://doi.org/10.1016/0924-977x(95)00055-t,8866934
False,,,https://doi.org/10.1038/ki.1996.398,8872973
False,,,https://doi.org/10.1097/00000542-199610000-00004,8873539
False,,,https://doi.org/10.1177/01454455960204004,8875814
False,,,https://doi.org/10.1542/peds.98.4.748,8885956
False,,,https://doi.org/10.1097/00000539-199611000-00025,8895283
False,,,,8916595
False,,,https://doi.org/10.1901/jaba.1996.29-305,8926223
False,,,,8927677
False,,,https://doi.org/10.1007/bf02245617,8935812
False,,,https://doi.org/10.1007/bf02245619,8935814
False,,,https://doi.org/10.1007/bf02245620,8935815
False,,,https://doi.org/10.1093/schbul/22.4.591,8938913
False,,,https://doi.org/10.1007/bf01670104,8956088
False,,,https://doi.org/10.1001/archpsyc.1996.01830120020005,8956674
False,,,https://doi.org/10.1046/j.1365-2346.1996.d01-412.x,8958487
False,,,https://doi.org/10.1097/00004714-199612000-00015,8959478
False,,,,8965185
False,,,https://doi.org/10.1207/s15327655jchn1304_1,8973026
False,,,,8984849
False,,,https://doi.org/10.1016/0006-3223(95)00674-5,8988795
False,,,,8993091
False,,,https://doi.org/10.1016/0924-977x(95)80001-i,8998394
True,,,,9003849
False,,,https://doi.org/10.1097/00004714-199702000-00009,9004057
False,,,https://doi.org/10.1016/s0278-5846(96)00130-3,9004341
False,,,https://doi.org/10.4088/jcp.v57n1205,9010121
False,,,https://doi.org/10.1016/s0028-3932(96)00070-x,9025120
False,,,https://doi.org/10.1016/s0003-9993(97)90266-5,9041905
False,,,,9044395
False,,,https://doi.org/10.1097/00000539-199703000-00028,9052312
False,,,,9054253
False,,,https://doi.org/10.1016/s0006-3223(96)00115-1,9066993
False,,,https://doi.org/10.1007/bf03015363,9067044
False,,,https://doi.org/10.1016/s0952-8180(97)00239-0,9075040
False,,,,9083608
False,,,https://doi.org/10.1046/j.1365-2346.1997.00103.x,9088819
False,,,https://doi.org/10.1176/ajp.154.4.457,9090331
False,,,https://doi.org/10.1016/s0161-6420(95)30869-x,9097768
False,,,https://doi.org/10.1177/026988119701100116,9097896
False,,,https://doi.org/10.4088/jcp.v58n0304,9108812
False,,,https://doi.org/10.1212/wnl.48.4.1077,9109903
False,,,https://doi.org/10.1016/s0893-133x(96)00195-9,9138438
False,,,https://doi.org/10.1017/s1041610297003645,9154590
False,,,https://doi.org/10.1901/jaba.1997.30-121,9157096
False,,,https://doi.org/10.1016/s0167-8760(97)00746-0,9161888
False,,,,9165565
False,,,https://doi.org/10.1016/s0924-977x(96)00392-6,9169300
False,,,https://doi.org/10.1097/00004714-199706000-00010,9169965
False,,,https://doi.org/10.4088/jcp.v58n0505,9184614
False,,,https://doi.org/10.1001/archpsyc.1997.01830180067009,9193196
False,,,https://doi.org/10.1001/archneur.1997.00550180049011,9193208
False,,,https://doi.org/10.1016/s0193-953x(05)70321-x,9196923
False,,,https://doi.org/10.1007/s002130050289,9203234
False,,,https://doi.org/10.1016/s0006-3223(96)00298-3,9209730
False,,,https://doi.org/10.1001/jama.278.2.144,9214531
False,,,https://doi.org/10.1097/00004850-199703000-00006,9219046
False,,,https://doi.org/10.1097/00004850-199703000-00007,9219047
False,,,https://doi.org/10.1097/00003246-199707000-00015,9233740
False,,,https://doi.org/10.1097/00004714-199708000-00004,9241004
False,,,https://doi.org/10.1097/00004714-199708000-00010,9241010
False,,,https://doi.org/10.1097/00004714-199708000-00012,9241012
False,,,https://doi.org/10.1002/j.1552-4604.1997.tb04342.x,9243353
False,,,https://doi.org/10.1097/00004850-199705000-00001,9248867
False,,,https://doi.org/10.1007/bf00566671,9257090
False,,,https://doi.org/10.1017/s1355617797003597,9260445
False,,,,9265916
False,,,https://doi.org/10.1212/wnl.49.2.444,9270575
False,,,https://doi.org/10.1016/s0006-3223(97)00190-x,9270900
False,,,https://doi.org/10.1001/archpsyc.1997.01830200094013,9283512
False,,,https://doi.org/10.1016/s0006-3223(96)00429-5,9285079
False,,,https://doi.org/10.1176/ajp.154.9.1248,9286184
False,,,https://doi.org/10.1097/00000542-199708000-00015,9286892
False,,,,9293649
False,,,https://doi.org/10.1001/archpsyc.1997.01830210105014,9294377
False,,,https://doi.org/10.1001/archpsyc.1997.01830210113015,9294378
False,,,https://doi.org/10.1056/nejm199709183371202,9295240
False,,,https://doi.org/10.1023/a:1025760302598,9304445
False,,,https://doi.org/10.2165/00002018-199717030-00001,9306050
False,,,https://doi.org/10.1097/00004714-199710000-00003,9315985
False,,,https://doi.org/10.1097/00004714-199710000-00010,9315992
False,,,https://doi.org/10.1016/s0006-3223(96)00546-x,9325559
False,,,https://doi.org/10.1007/s002130050371,9335081
False,,,https://doi.org/10.1056/nejm199710233371703,9337378
False,,,https://doi.org/10.1111/j.1600-0447.1997.tb10162.x,9350955
False,,,https://doi.org/10.1097/00000542-199710000-00011,9357879
False,,,https://doi.org/10.1136/adc.77.3.214,9370898
False,,,https://doi.org/10.1016/s0920-9964(97)00036-4,9376336
False,,,https://doi.org/10.3109/10673229509017144,9384909
False,,,https://doi.org/10.3109/10673229509017146,9384911
False,,,https://doi.org/10.1001/archpsyc.1997.01830240023003,9400342
False,,,https://doi.org/10.1097/00004714-199712000-00008,9408812
False,,,https://doi.org/10.1097/00000539-199801000-00011,9428851
False,,,https://doi.org/10.1097/00002060-199711000-00002,9431261
True,,,https://doi.org/10.1016/s0022-3476(97)70308-1,9432523
False,,,,9433359
False,,,https://doi.org/10.1901/jaba.1997.30-615,9433787
False,,,https://doi.org/10.1901/jaba.1997.30-627,9433788
False,,,https://doi.org/10.2165/00003088-199733060-00004,9435993
False,,,https://doi.org/10.1016/s0006-3223(97)00257-6,9442340
False,,,https://doi.org/10.1097/00000542-199801000-00018,9447863
False,,,https://doi.org/10.4088/jcp.v58n1204,9448656
False,,,https://doi.org/10.4088/jcp.v58n1205,9448657
False,,,https://doi.org/10.1002/ana.410430115,9450772
False,,,https://doi.org/10.1023/a:1022637815797,9468109
False,,,https://doi.org/10.1056/nejm199802263380907,9475768
False,,,https://doi.org/10.1016/s0165-1781(97)00123-6,9481807
False,,,https://doi.org/10.1136/bjo.81.12.1070,9497467
False,,,https://doi.org/10.1055/s-2007-995132,9498885
False,,,https://doi.org/10.1007/bf01273320,9503259
False,,,https://doi.org/10.1002/j.1552-4604.1997.tb04272.x,9505989
False,,,https://doi.org/10.2165/00002512-199812020-00004,9509290
False,,,https://doi.org/10.1023/a:1022352326334,9511946
False,,,https://doi.org/10.1192/bjp.171.6.569,9519099
False,,,https://doi.org/10.1016/s0149-2918(98)80034-9,9522104
False,,,https://doi.org/10.1016/s0378-5122(97)00073-x,9522320
False,,,https://doi.org/10.1097/00000542-199803000-00015,9523808
False,,,https://doi.org/10.1176/ajp.155.4.499,9545995
False,,,https://doi.org/10.1001/jama.279.14.1100,9546570
False,,,https://doi.org/10.1002/j.1552-4604.1998.tb04425.x,9549666
False,,,https://doi.org/10.1097/00004714-199804000-00002,9555595
False,,,https://doi.org/10.1097/00004714-199804000-00003,9555596
False,,,https://doi.org/10.1097/00004714-199804000-00013,9555605
False,,,https://doi.org/10.1097/00004714-199804000-00015,9555606
False,,,,9555778
False,,,,9564198
False,,,,9564199
False,,,https://doi.org/10.1097/00001199-199806000-00007,9582180
False,,,https://doi.org/10.1176/ajp.155.5.693,9585725
False,,,https://doi.org/10.1016/s0920-9964(97)00151-5,9589514
False,,,https://doi.org/10.1111/j.1600-0420.1997.tb00454.x,9589713
False,,,https://doi.org/10.1016/s0165-0327(98)00002-0,9609675
False,,,https://doi.org/10.1016/s0006-3223(98)00093-6,9611669
False,,,https://doi.org/10.1023/a:1026194411452,9622044
False,,,https://doi.org/10.1590/s0004-282x1997000400014,9629412
False,,,https://doi.org/10.1007/s002130050603,9630000
False,,,https://doi.org/10.1016/s0920-9964(98)00003-6,9633833
False,,,https://doi.org/10.1176/ajp.155.7.914,9659857
False,,,https://doi.org/10.1097/00000539-199807000-00023,9661556
False,,,https://doi.org/10.1097/00000539-199807000-00034,9661567
False,,,https://doi.org/10.1097/00000539-199807000-00035,9661568
False,,,https://doi.org/10.1016/s0149-2918(98)80060-x,9663366
False,,,,9664766
False,,,https://doi.org/10.1200/jco.1998.16.7.2522,9667273
False,,,https://doi.org/10.4088/jcp.v59n0605,9671342
False,,,https://doi.org/10.1001/archpsyc.55.7.633,9672054
False,,,https://doi.org/10.1177/112067219800800203,9673473
False,,,https://doi.org/10.1542/peds.102.s3.497,9685452
False,,,https://doi.org/10.1016/s0920-9964(98)00040-1,9690334
False,,,https://doi.org/10.1097/00004714-199808000-00009,9690695
False,,,https://doi.org/10.1097/00004714-199808000-00023,9690708
False,,,https://doi.org/10.1023/a:1022698232481,9700516
False,,,https://doi.org/10.1023/a:1022602400621,9700518
False,,,https://doi.org/10.1023/a:1022606501530,9700520
False,,,,9718222
False,,,https://doi.org/10.1097/00000539-199809000-00018,9728835
False,,,https://doi.org/10.1089/cap.1998.8.125,9730078
False,,,https://doi.org/10.1007/s001010050597,9740930
False,,,https://doi.org/10.1176/ajp.155.10.1325,9766762
False,,,https://doi.org/10.1016/s0091-3057(98)00127-0,9768566
False,,,https://doi.org/10.1093/bja/80.6.733,9771298
False,,,https://doi.org/10.1111/j.1399-6576.1998.tb05349.x,9773134
False,,,https://doi.org/10.1016/s0893-133x(98)00039-6,9778664
False,,,https://doi.org/10.1136/emj.15.5.322,9785160
False,,,https://doi.org/10.1207/s15374424jccp2703_10,9789193
False,,,https://doi.org/10.1016/s0920-9964(98)00067-x,9789907
False,,,https://doi.org/10.1177/112067219800800309,9793771
False,,,,9796240
False,,,https://doi.org/10.1016/s0735-1097(98)00406-9,9809953
False,,,https://doi.org/10.1093/bja/81.2.145,9813512
False,,,https://doi.org/10.1177/002221949803100603,9813951
False,,,https://doi.org/10.1177/002221949803100607,9813955
False,,,https://doi.org/10.1177/002221949803100609,9813957
False,,,https://doi.org/10.1177/002221949803100610,9813958
False,,,https://doi.org/10.1177/002221949803100611,9813959
False,,,https://doi.org/10.1016/s0886-3350(98)80172-7,9818340
False,,,https://doi.org/10.4088/jcp.v59n1005,9818633
False,,,https://doi.org/10.1016/s0920-9964(98)00087-5,9824875
False,,,https://doi.org/10.2165/00002018-199819050-00002,9825948
False,,,https://doi.org/10.1159/000028705,9838263
False,,,https://doi.org/10.1097/00000539-199812000-00023,9842823
False,,,,9857806
False,,,https://doi.org/10.1007/s001150050368,9859115
False,,,https://doi.org/10.1007/s002130050755,9860108
False,,,https://doi.org/10.1007/s002280050527,9860152
False,,,,9865219
False,,,,9874861
False,,,https://doi.org/10.1097/00001756-199812010-00024,9875725
False,,,https://doi.org/10.1016/s0031-3955(05)70063-8,9884676
False,,,https://doi.org/10.1016/s0031-3955(05)70064-x,9884677
False,,,https://doi.org/10.1016/s0031-3955(05)70070-5,9884683
False,,,https://doi.org/10.1176/ajp.156.1.79,9892301
False,,,https://doi.org/10.1176/ajp.156.1.145,9892314
False,,,https://doi.org/10.1016/s0010-440x(99)90076-7,9924877
False,,,https://doi.org/10.1016/s0924-977x(97)00093-x,9928923
False,,,https://doi.org/10.1097/00004714-199902000-00011,9934944
False,,,https://doi.org/10.1097/00000542-199902000-00015,9952147
False,,,https://doi.org/10.1177/00912709922007534,9987698
False,,,https://doi.org/10.1016/s0920-9964(98)00105-4,9988841
False,,,https://doi.org/10.1176/ajp.156.2.294,9989566
